run_date,repository,path,title,total,unique
2026-06-18,datf/SpectatorReplaySkip,/datf/SpectatorReplaySkip,Overview,1,1
2026-06-18,datf/calc-llc,/datf/calc-llc/blob/master/.github/workflows/ci.yml,/blob/master/.github/workflows/ci.yml,1,1
2026-06-18,datf/calc-llc,/datf/calc-llc/blob/master/.github/workflows/deploy.yml,/blob/master/.github/workflows/deploy.yml,1,1
2026-06-18,datf/calc-llc,/datf/calc-llc/blob/master/docker-compose.yml,/blob/master/docker-compose.yml,1,1
2026-06-18,datf/calc-llc,/datf/calc-llc/blob/master/src/lib/optimizer.test.js,/blob/master/src/lib/optimizer.test.js,1,1
2026-06-18,datf/svgmarquee,/datf/svgmarquee/actions,/actions,1,1
2026-06-18,datf/svgmarquee,/datf/svgmarquee/blob/main/.github/workflows/main.yml,/blob/main/.github/workflows/main.yml,1,1
2026-06-18,datf/svgmarquee,/datf/svgmarquee/releases,/releases,1,1
2026-06-19,datf/SpectatorReplaySkip,/datf/SpectatorReplaySkip,Overview,1,1
2026-06-19,datf/calc-llc,/datf/calc-llc/blob/master/.github/workflows/ci.yml,/blob/master/.github/workflows/ci.yml,1,1
2026-06-19,datf/calc-llc,/datf/calc-llc/blob/master/.github/workflows/deploy.yml,/blob/master/.github/workflows/deploy.yml,1,1
2026-06-19,datf/calc-llc,/datf/calc-llc/blob/master/docker-compose.yml,/blob/master/docker-compose.yml,1,1
2026-06-19,datf/calc-llc,/datf/calc-llc/blob/master/src/lib/optimizer.test.js,/blob/master/src/lib/optimizer.test.js,1,1
2026-06-19,datf/svgmarquee,/datf/svgmarquee/actions,/actions,1,1
2026-06-19,datf/svgmarquee,/datf/svgmarquee/blob/main/.github/workflows/main.yml,/blob/main/.github/workflows/main.yml,1,1
2026-06-19,datf/svgmarquee,/datf/svgmarquee/releases,/releases,1,1
2026-06-20,datf/SpectatorReplaySkip,/datf/SpectatorReplaySkip,Overview,1,1
2026-06-20,datf/calc-llc,/datf/calc-llc/blob/master/.github/workflows/ci.yml,/blob/master/.github/workflows/ci.yml,1,1
2026-06-20,datf/calc-llc,/datf/calc-llc/blob/master/.github/workflows/deploy.yml,/blob/master/.github/workflows/deploy.yml,1,1
2026-06-20,datf/calc-llc,/datf/calc-llc/blob/master/docker-compose.yml,/blob/master/docker-compose.yml,1,1
2026-06-20,datf/calc-llc,/datf/calc-llc/blob/master/src/lib/optimizer.test.js,/blob/master/src/lib/optimizer.test.js,1,1
2026-06-20,datf/svgmarquee,/datf/svgmarquee/actions,/actions,1,1
2026-06-20,datf/svgmarquee,/datf/svgmarquee/blob/main/.github/workflows/main.yml,/blob/main/.github/workflows/main.yml,1,1
2026-06-20,datf/svgmarquee,/datf/svgmarquee/releases,/releases,1,1
2026-06-21,datf/SpectatorReplaySkip,/datf/SpectatorReplaySkip,Overview,1,1
2026-06-21,datf/calc-llc,/datf/calc-llc/blob/master/.github/workflows/ci.yml,/blob/master/.github/workflows/ci.yml,1,1
2026-06-21,datf/calc-llc,/datf/calc-llc/blob/master/.github/workflows/deploy.yml,/blob/master/.github/workflows/deploy.yml,1,1
2026-06-21,datf/calc-llc,/datf/calc-llc/blob/master/docker-compose.yml,/blob/master/docker-compose.yml,1,1
2026-06-21,datf/calc-llc,/datf/calc-llc/blob/master/src/lib/optimizer.test.js,/blob/master/src/lib/optimizer.test.js,1,1
2026-06-21,datf/svgmarquee,/datf/svgmarquee/actions,/actions,1,1
2026-06-21,datf/svgmarquee,/datf/svgmarquee/blob/main/.github/workflows/main.yml,/blob/main/.github/workflows/main.yml,1,1
2026-06-21,datf/svgmarquee,/datf/svgmarquee/releases,/releases,1,1
2026-06-22,datf/SpectatorReplaySkip,/datf/SpectatorReplaySkip,Overview,1,1
2026-06-27,datf/datf,/datf/datf,Overview,2,1
2026-06-27,datf/datf,/datf/datf/blob/main/README.md,/blob/main/README.md,2,1
2026-06-28,datf/datf,/datf/datf,Overview,2,1
2026-06-28,datf/datf,/datf/datf/blob/main/README.md,/blob/main/README.md,2,1
2026-06-29,datf/datf,/datf/datf,Overview,2,1
2026-06-29,datf/datf,/datf/datf/blob/main/README.md,/blob/main/README.md,2,1
2026-06-30,datf/datf,/datf/datf,Overview,2,1
2026-06-30,datf/datf,/datf/datf/blob/main/README.md,/blob/main/README.md,2,1
2026-07-01,datf/datf,/datf/datf,Overview,2,1
2026-07-01,datf/datf,/datf/datf/blob/main/README.md,/blob/main/README.md,2,1
2026-07-02,datf/RocketPlugin,/datf/RocketPlugin/releases/tag/v1.0.0-fork.datf,/releases/tag/v1.0.0-fork.datf,1,1
2026-07-02,datf/datf,/datf/datf,Overview,2,1
2026-07-02,datf/datf,/datf/datf/blob/main/README.md,/blob/main/README.md,2,1
2026-07-03,datf/RocketPlugin,/datf/RocketPlugin/releases/tag/v1.0.0-fork.datf,/releases/tag/v1.0.0-fork.datf,1,1
2026-07-03,datf/datf,/datf/datf,Overview,2,1
2026-07-03,datf/datf,/datf/datf/blob/main/README.md,/blob/main/README.md,2,1
2026-07-04,datf/RocketPlugin,/datf/RocketPlugin/releases/tag/v1.0.0-fork.datf,/releases/tag/v1.0.0-fork.datf,1,1
2026-07-04,datf/datf,/datf/datf,Overview,2,1
2026-07-04,datf/datf,/datf/datf/blob/main/README.md,/blob/main/README.md,2,1
2026-07-05,datf/RocketPlugin,/datf/RocketPlugin/releases/tag/v1.0.0-fork.datf,/releases/tag/v1.0.0-fork.datf,1,1
2026-07-05,datf/datf,/datf/datf,Overview,2,1
2026-07-05,datf/datf,/datf/datf/blob/main/README.md,/blob/main/README.md,2,1
2026-07-06,datf/RocketPlugin,/datf/RocketPlugin/releases/tag/v1.0.0-fork.datf,/releases/tag/v1.0.0-fork.datf,1,1
2026-07-06,datf/datf,/datf/datf,Overview,2,1
2026-07-06,datf/datf,/datf/datf/blob/main/README.md,/blob/main/README.md,2,1
2026-07-07,datf/RocketPlugin,/datf/RocketPlugin/releases/tag/v1.0.0-fork.datf,/releases/tag/v1.0.0-fork.datf,1,1
2026-07-07,datf/datf,/datf/datf,Overview,2,1
2026-07-07,datf/datf,/datf/datf/blob/main/README.md,/blob/main/README.md,2,1
2026-07-08,datf/RocketPlugin,/datf/RocketPlugin/releases/tag/v1.0.0-fork.datf,/releases/tag/v1.0.0-fork.datf,1,1
2026-07-08,datf/datf,/datf/datf,Overview,2,1
2026-07-08,datf/datf,/datf/datf/blob/main/README.md,/blob/main/README.md,2,1
2026-07-09,datf/RocketPlugin,/datf/RocketPlugin/releases/tag/v1.0.0-fork.datf,/releases/tag/v1.0.0-fork.datf,1,1
2026-07-09,datf/datf,/datf/datf,Overview,2,1
2026-07-09,datf/datf,/datf/datf/blob/main/README.md,/blob/main/README.md,2,1
2026-07-10,datf/RocketPlugin,/datf/RocketPlugin/releases/tag/v1.0.0-fork.datf,/releases/tag/v1.0.0-fork.datf,1,1
2026-07-10,datf/datf,/datf/datf,Overview,2,1
2026-07-10,datf/datf,/datf/datf/blob/main/README.md,/blob/main/README.md,2,1
2026-07-11,datf/RocketPlugin,/datf/RocketPlugin/releases/tag/v1.0.0-fork.datf,/releases/tag/v1.0.0-fork.datf,1,1
2026-07-11,datf/test-svg-animations-on-github,/datf/test-svg-animations-on-github,Overview,8,4
2026-07-12,datf/RocketPlugin,/datf/RocketPlugin/releases/tag/v1.0.0-fork.datf,/releases/tag/v1.0.0-fork.datf,1,1
2026-07-12,datf/test-svg-animations-on-github,/datf/test-svg-animations-on-github,Overview,10,5
2026-07-12,datf/test-svg-animations-on-github,/datf/test-svg-animations-on-github/blob/main/SVGs/hover-foreignObject.svg,/blob/main/SVGs/hover-foreignObject.svg,1,1
2026-07-12,datf/test-svg-animations-on-github,/datf/test-svg-animations-on-github/blob/main/SVGs/hover-mouseover-mouseout.svg,/blob/main/SVGs/hover-mouseover-mouseout.svg,1,1
2026-07-12,datf/test-svg-animations-on-github,/datf/test-svg-animations-on-github/commit/587b3c1bec035fddd2398e5735b54c4192917ebd,/commit/587b3c1bec035fddd2398e5735b54c4192917ebd,1,1
2026-07-12,datf/test-svg-animations-on-github,/datf/test-svg-animations-on-github/commit/a28537e80baffd7c450c6b2ad336196f2e6acafa,/commit/a28537e80baffd7c450c6b2ad336196f2e6acafa,1,1
2026-07-12,datf/test-svg-animations-on-github,/datf/test-svg-animations-on-github/commits/main,/commits/main,1,1
2026-07-13,datf/RocketPlugin,/datf/RocketPlugin/releases/tag/v1.0.0-fork.datf,/releases/tag/v1.0.0-fork.datf,1,1
2026-07-13,datf/test-svg-animations-on-github,/datf/test-svg-animations-on-github,Overview,10,5
2026-07-13,datf/test-svg-animations-on-github,/datf/test-svg-animations-on-github/blob/main/SVGs/hover-foreignObject.svg,/blob/main/SVGs/hover-foreignObject.svg,1,1
2026-07-13,datf/test-svg-animations-on-github,/datf/test-svg-animations-on-github/blob/main/SVGs/hover-mouseover-mouseout.svg,/blob/main/SVGs/hover-mouseover-mouseout.svg,1,1
2026-07-13,datf/test-svg-animations-on-github,/datf/test-svg-animations-on-github/commit/587b3c1bec035fddd2398e5735b54c4192917ebd,/commit/587b3c1bec035fddd2398e5735b54c4192917ebd,1,1
2026-07-13,datf/test-svg-animations-on-github,/datf/test-svg-animations-on-github/commit/a28537e80baffd7c450c6b2ad336196f2e6acafa,/commit/a28537e80baffd7c450c6b2ad336196f2e6acafa,1,1
2026-07-13,datf/test-svg-animations-on-github,/datf/test-svg-animations-on-github/commits/main,/commits/main,1,1
2026-07-14,datf/RocketPlugin,/datf/RocketPlugin/releases/tag/v1.0.0-fork.datf,/releases/tag/v1.0.0-fork.datf,1,1
2026-07-14,datf/test-svg-animations-on-github,/datf/test-svg-animations-on-github,Overview,10,5
2026-07-14,datf/test-svg-animations-on-github,/datf/test-svg-animations-on-github/blob/main/SVGs/hover-foreignObject.svg,/blob/main/SVGs/hover-foreignObject.svg,1,1
2026-07-14,datf/test-svg-animations-on-github,/datf/test-svg-animations-on-github/blob/main/SVGs/hover-mouseover-mouseout.svg,/blob/main/SVGs/hover-mouseover-mouseout.svg,1,1
2026-07-14,datf/test-svg-animations-on-github,/datf/test-svg-animations-on-github/commit/587b3c1bec035fddd2398e5735b54c4192917ebd,/commit/587b3c1bec035fddd2398e5735b54c4192917ebd,1,1
2026-07-14,datf/test-svg-animations-on-github,/datf/test-svg-animations-on-github/commit/a28537e80baffd7c450c6b2ad336196f2e6acafa,/commit/a28537e80baffd7c450c6b2ad336196f2e6acafa,1,1
2026-07-14,datf/test-svg-animations-on-github,/datf/test-svg-animations-on-github/commits/main,/commits/main,1,1
2026-07-15,datf/RocketPlugin,/datf/RocketPlugin/releases/tag/v1.0.0-fork.datf,/releases/tag/v1.0.0-fork.datf,1,1
2026-07-15,datf/test-svg-animations-on-github,/datf/test-svg-animations-on-github,Overview,10,5
2026-07-15,datf/test-svg-animations-on-github,/datf/test-svg-animations-on-github/blob/main/SVGs/hover-foreignObject.svg,/blob/main/SVGs/hover-foreignObject.svg,1,1
2026-07-15,datf/test-svg-animations-on-github,/datf/test-svg-animations-on-github/blob/main/SVGs/hover-mouseover-mouseout.svg,/blob/main/SVGs/hover-mouseover-mouseout.svg,1,1
2026-07-15,datf/test-svg-animations-on-github,/datf/test-svg-animations-on-github/commit/587b3c1bec035fddd2398e5735b54c4192917ebd,/commit/587b3c1bec035fddd2398e5735b54c4192917ebd,1,1
2026-07-15,datf/test-svg-animations-on-github,/datf/test-svg-animations-on-github/commit/a28537e80baffd7c450c6b2ad336196f2e6acafa,/commit/a28537e80baffd7c450c6b2ad336196f2e6acafa,1,1
2026-07-15,datf/test-svg-animations-on-github,/datf/test-svg-animations-on-github/commits/main,/commits/main,1,1
2026-07-16,datf/RocketPlugin,/datf/RocketPlugin/releases/tag/v1.0.0-fork.datf,/releases/tag/v1.0.0-fork.datf,1,1
2026-07-16,datf/test-svg-animations-on-github,/datf/test-svg-animations-on-github,Overview,10,5
2026-07-16,datf/test-svg-animations-on-github,/datf/test-svg-animations-on-github/blob/main/SVGs/hover-foreignObject.svg,/blob/main/SVGs/hover-foreignObject.svg,1,1
2026-07-16,datf/test-svg-animations-on-github,/datf/test-svg-animations-on-github/blob/main/SVGs/hover-mouseover-mouseout.svg,/blob/main/SVGs/hover-mouseover-mouseout.svg,1,1
2026-07-16,datf/test-svg-animations-on-github,/datf/test-svg-animations-on-github/commit/587b3c1bec035fddd2398e5735b54c4192917ebd,/commit/587b3c1bec035fddd2398e5735b54c4192917ebd,1,1
2026-07-16,datf/test-svg-animations-on-github,/datf/test-svg-animations-on-github/commit/a28537e80baffd7c450c6b2ad336196f2e6acafa,/commit/a28537e80baffd7c450c6b2ad336196f2e6acafa,1,1
2026-07-16,datf/test-svg-animations-on-github,/datf/test-svg-animations-on-github/commits/main,/commits/main,1,1
2026-07-17,datf/RocketPlugin,/datf/RocketPlugin/releases/tag/v1.0.0-fork.datf,/releases/tag/v1.0.0-fork.datf,1,1
2026-07-17,datf/test-svg-animations-on-github,/datf/test-svg-animations-on-github,Overview,10,5
2026-07-17,datf/test-svg-animations-on-github,/datf/test-svg-animations-on-github/blob/main/SVGs/hover-foreignObject.svg,/blob/main/SVGs/hover-foreignObject.svg,1,1
2026-07-17,datf/test-svg-animations-on-github,/datf/test-svg-animations-on-github/blob/main/SVGs/hover-mouseover-mouseout.svg,/blob/main/SVGs/hover-mouseover-mouseout.svg,1,1
2026-07-17,datf/test-svg-animations-on-github,/datf/test-svg-animations-on-github/commit/587b3c1bec035fddd2398e5735b54c4192917ebd,/commit/587b3c1bec035fddd2398e5735b54c4192917ebd,1,1
2026-07-17,datf/test-svg-animations-on-github,/datf/test-svg-animations-on-github/commit/a28537e80baffd7c450c6b2ad336196f2e6acafa,/commit/a28537e80baffd7c450c6b2ad336196f2e6acafa,1,1
2026-07-17,datf/test-svg-animations-on-github,/datf/test-svg-animations-on-github/commits/main,/commits/main,1,1
2026-07-18,datf/RocketPlugin,/datf/RocketPlugin/releases/tag/v1.0.0-fork.datf,/releases/tag/v1.0.0-fork.datf,1,1
2026-07-18,datf/test-svg-animations-on-github,/datf/test-svg-animations-on-github,Overview,10,5
2026-07-18,datf/test-svg-animations-on-github,/datf/test-svg-animations-on-github/blob/main/SVGs/hover-foreignObject.svg,/blob/main/SVGs/hover-foreignObject.svg,1,1
2026-07-18,datf/test-svg-animations-on-github,/datf/test-svg-animations-on-github/blob/main/SVGs/hover-mouseover-mouseout.svg,/blob/main/SVGs/hover-mouseover-mouseout.svg,1,1
2026-07-18,datf/test-svg-animations-on-github,/datf/test-svg-animations-on-github/commit/587b3c1bec035fddd2398e5735b54c4192917ebd,/commit/587b3c1bec035fddd2398e5735b54c4192917ebd,1,1
2026-07-18,datf/test-svg-animations-on-github,/datf/test-svg-animations-on-github/commit/a28537e80baffd7c450c6b2ad336196f2e6acafa,/commit/a28537e80baffd7c450c6b2ad336196f2e6acafa,1,1
2026-07-18,datf/test-svg-animations-on-github,/datf/test-svg-animations-on-github/commits/main,/commits/main,1,1
2026-07-19,datf/RocketPlugin,/datf/RocketPlugin/releases/tag/v1.0.0-fork.datf,/releases/tag/v1.0.0-fork.datf,1,1
2026-07-19,datf/test-svg-animations-on-github,/datf/test-svg-animations-on-github,Overview,10,5
2026-07-19,datf/test-svg-animations-on-github,/datf/test-svg-animations-on-github/blob/main/SVGs/hover-foreignObject.svg,/blob/main/SVGs/hover-foreignObject.svg,1,1
2026-07-19,datf/test-svg-animations-on-github,/datf/test-svg-animations-on-github/blob/main/SVGs/hover-mouseover-mouseout.svg,/blob/main/SVGs/hover-mouseover-mouseout.svg,1,1
2026-07-19,datf/test-svg-animations-on-github,/datf/test-svg-animations-on-github/commit/587b3c1bec035fddd2398e5735b54c4192917ebd,/commit/587b3c1bec035fddd2398e5735b54c4192917ebd,1,1
2026-07-19,datf/test-svg-animations-on-github,/datf/test-svg-animations-on-github/commit/a28537e80baffd7c450c6b2ad336196f2e6acafa,/commit/a28537e80baffd7c450c6b2ad336196f2e6acafa,1,1
2026-07-19,datf/test-svg-animations-on-github,/datf/test-svg-animations-on-github/commits/main,/commits/main,1,1
2026-07-20,datf/RocketPlugin,/datf/RocketPlugin/releases/tag/v1.0.0-fork.datf,/releases/tag/v1.0.0-fork.datf,1,1
2026-07-20,datf/test-svg-animations-on-github,/datf/test-svg-animations-on-github,Overview,10,5
2026-07-20,datf/test-svg-animations-on-github,/datf/test-svg-animations-on-github/blob/main/SVGs/hover-foreignObject.svg,/blob/main/SVGs/hover-foreignObject.svg,1,1
2026-07-20,datf/test-svg-animations-on-github,/datf/test-svg-animations-on-github/blob/main/SVGs/hover-mouseover-mouseout.svg,/blob/main/SVGs/hover-mouseover-mouseout.svg,1,1
2026-07-20,datf/test-svg-animations-on-github,/datf/test-svg-animations-on-github/commit/587b3c1bec035fddd2398e5735b54c4192917ebd,/commit/587b3c1bec035fddd2398e5735b54c4192917ebd,1,1
2026-07-20,datf/test-svg-animations-on-github,/datf/test-svg-animations-on-github/commit/a28537e80baffd7c450c6b2ad336196f2e6acafa,/commit/a28537e80baffd7c450c6b2ad336196f2e6acafa,1,1
2026-07-20,datf/test-svg-animations-on-github,/datf/test-svg-animations-on-github/commits/main,/commits/main,1,1
2026-07-21,datf/test-svg-animations-on-github,/datf/test-svg-animations-on-github,Overview,10,5
2026-07-21,datf/test-svg-animations-on-github,/datf/test-svg-animations-on-github/blob/main/SVGs/hover-foreignObject.svg,/blob/main/SVGs/hover-foreignObject.svg,1,1
2026-07-21,datf/test-svg-animations-on-github,/datf/test-svg-animations-on-github/blob/main/SVGs/hover-mouseover-mouseout.svg,/blob/main/SVGs/hover-mouseover-mouseout.svg,1,1
2026-07-21,datf/test-svg-animations-on-github,/datf/test-svg-animations-on-github/commit/587b3c1bec035fddd2398e5735b54c4192917ebd,/commit/587b3c1bec035fddd2398e5735b54c4192917ebd,1,1
2026-07-21,datf/test-svg-animations-on-github,/datf/test-svg-animations-on-github/commit/a28537e80baffd7c450c6b2ad336196f2e6acafa,/commit/a28537e80baffd7c450c6b2ad336196f2e6acafa,1,1
2026-07-21,datf/test-svg-animations-on-github,/datf/test-svg-animations-on-github/commits/main,/commits/main,1,1
2026-07-22,datf/test-svg-animations-on-github,/datf/test-svg-animations-on-github,Overview,10,5
2026-07-22,datf/test-svg-animations-on-github,/datf/test-svg-animations-on-github/blob/main/SVGs/hover-foreignObject.svg,/blob/main/SVGs/hover-foreignObject.svg,1,1
2026-07-22,datf/test-svg-animations-on-github,/datf/test-svg-animations-on-github/blob/main/SVGs/hover-mouseover-mouseout.svg,/blob/main/SVGs/hover-mouseover-mouseout.svg,1,1
2026-07-22,datf/test-svg-animations-on-github,/datf/test-svg-animations-on-github/commit/587b3c1bec035fddd2398e5735b54c4192917ebd,/commit/587b3c1bec035fddd2398e5735b54c4192917ebd,1,1
2026-07-22,datf/test-svg-animations-on-github,/datf/test-svg-animations-on-github/commit/a28537e80baffd7c450c6b2ad336196f2e6acafa,/commit/a28537e80baffd7c450c6b2ad336196f2e6acafa,1,1
2026-07-22,datf/test-svg-animations-on-github,/datf/test-svg-animations-on-github/commits/main,/commits/main,1,1
2026-07-23,datf/test-svg-animations-on-github,/datf/test-svg-animations-on-github,Overview,10,5
2026-07-23,datf/test-svg-animations-on-github,/datf/test-svg-animations-on-github/blob/main/SVGs/hover-foreignObject.svg,/blob/main/SVGs/hover-foreignObject.svg,1,1
2026-07-23,datf/test-svg-animations-on-github,/datf/test-svg-animations-on-github/blob/main/SVGs/hover-mouseover-mouseout.svg,/blob/main/SVGs/hover-mouseover-mouseout.svg,1,1
2026-07-23,datf/test-svg-animations-on-github,/datf/test-svg-animations-on-github/commit/587b3c1bec035fddd2398e5735b54c4192917ebd,/commit/587b3c1bec035fddd2398e5735b54c4192917ebd,1,1
2026-07-23,datf/test-svg-animations-on-github,/datf/test-svg-animations-on-github/commit/a28537e80baffd7c450c6b2ad336196f2e6acafa,/commit/a28537e80baffd7c450c6b2ad336196f2e6acafa,1,1
2026-07-23,datf/test-svg-animations-on-github,/datf/test-svg-animations-on-github/commits/main,/commits/main,1,1
2026-07-24,datf/test-svg-animations-on-github,/datf/test-svg-animations-on-github,Overview,10,5
2026-07-24,datf/test-svg-animations-on-github,/datf/test-svg-animations-on-github/blob/main/SVGs/hover-foreignObject.svg,/blob/main/SVGs/hover-foreignObject.svg,1,1
2026-07-24,datf/test-svg-animations-on-github,/datf/test-svg-animations-on-github/blob/main/SVGs/hover-mouseover-mouseout.svg,/blob/main/SVGs/hover-mouseover-mouseout.svg,1,1
2026-07-24,datf/test-svg-animations-on-github,/datf/test-svg-animations-on-github/commit/587b3c1bec035fddd2398e5735b54c4192917ebd,/commit/587b3c1bec035fddd2398e5735b54c4192917ebd,1,1
2026-07-24,datf/test-svg-animations-on-github,/datf/test-svg-animations-on-github/commit/a28537e80baffd7c450c6b2ad336196f2e6acafa,/commit/a28537e80baffd7c450c6b2ad336196f2e6acafa,1,1
2026-07-24,datf/test-svg-animations-on-github,/datf/test-svg-animations-on-github/commits/main,/commits/main,1,1
2026-07-25,datf/test-svg-animations-on-github,/datf/test-svg-animations-on-github,Overview,2,1
2026-07-25,datf/test-svg-animations-on-github,/datf/test-svg-animations-on-github/blob/main/SVGs/hover-foreignObject.svg,/blob/main/SVGs/hover-foreignObject.svg,1,1
2026-07-25,datf/test-svg-animations-on-github,/datf/test-svg-animations-on-github/blob/main/SVGs/hover-mouseover-mouseout.svg,/blob/main/SVGs/hover-mouseover-mouseout.svg,1,1
2026-07-25,datf/test-svg-animations-on-github,/datf/test-svg-animations-on-github/commit/587b3c1bec035fddd2398e5735b54c4192917ebd,/commit/587b3c1bec035fddd2398e5735b54c4192917ebd,1,1
2026-07-25,datf/test-svg-animations-on-github,/datf/test-svg-animations-on-github/commit/a28537e80baffd7c450c6b2ad336196f2e6acafa,/commit/a28537e80baffd7c450c6b2ad336196f2e6acafa,1,1
2026-07-25,datf/test-svg-animations-on-github,/datf/test-svg-animations-on-github/commits/main,/commits/main,1,1
2026-08-01,datf/big-data-speed-test,/datf/big-data-speed-test/blob/master/README.md,/blob/master/README.md,1,1
2026-08-01,datf/datf,/datf/datf,Overview,1,1
2026-08-01,datf/repository-beta,/datf/repository-beta,Overview,2,1
2026-08-02,datf/big-data-speed-test,/datf/big-data-speed-test/blob/master/README.md,/blob/master/README.md,1,1
2026-08-02,datf/datf,/datf/datf,Overview,1,1
2026-08-02,datf/repository-beta,/datf/repository-beta,Overview,2,1
2026-08-03,datf/big-data-speed-test,/datf/big-data-speed-test/blob/master/README.md,/blob/master/README.md,1,1
2026-08-03,datf/datf,/datf/datf,Overview,1,1
2026-08-03,datf/repository-beta,/datf/repository-beta,Overview,2,1
2026-08-04,datf/big-data-speed-test,/datf/big-data-speed-test/blob/master/README.md,/blob/master/README.md,1,1
2026-08-04,datf/datf,/datf/datf,Overview,1,1
2026-08-04,datf/repository-beta,/datf/repository-beta,Overview,2,1
2026-08-05,datf/big-data-speed-test,/datf/big-data-speed-test/blob/master/README.md,/blob/master/README.md,1,1
2026-08-05,datf/datf,/datf/datf,Overview,1,1
2026-08-05,datf/repository-beta,/datf/repository-beta,Overview,2,1
2026-08-06,datf/big-data-speed-test,/datf/big-data-speed-test/blob/master/README.md,/blob/master/README.md,1,1
2026-08-06,datf/datf,/datf/datf,Overview,1,1
2026-08-06,datf/repository-beta,/datf/repository-beta,Overview,2,1
2026-08-07,datf/big-data-speed-test,/datf/big-data-speed-test/blob/master/README.md,/blob/master/README.md,1,1
2026-08-07,datf/datf,/datf/datf,Overview,1,1
2026-08-07,datf/repository-beta,/datf/repository-beta,Overview,2,1
2026-08-08,datf/big-data-speed-test,/datf/big-data-speed-test/blob/master/README.md,/blob/master/README.md,1,1
2026-08-08,datf/datf,/datf/datf,Overview,1,1
2026-08-08,datf/repository-beta,/datf/repository-beta,Overview,2,1
2026-08-09,datf/big-data-speed-test,/datf/big-data-speed-test/blob/master/README.md,/blob/master/README.md,1,1
2026-08-09,datf/datf,/datf/datf,Overview,1,1
2026-08-09,datf/repository-beta,/datf/repository-beta,Overview,2,1
2026-08-10,datf/big-data-speed-test,/datf/big-data-speed-test/blob/master/README.md,/blob/master/README.md,1,1
2026-08-10,datf/datf,/datf/datf,Overview,1,1
2026-08-10,datf/repository-beta,/datf/repository-beta,Overview,2,1
2026-08-11,datf/big-data-speed-test,/datf/big-data-speed-test/blob/master/README.md,/blob/master/README.md,1,1
2026-08-11,datf/datf,/datf/datf,Overview,1,1
2026-08-11,datf/repository-beta,/datf/repository-beta,Overview,2,1
2026-08-12,datf/big-data-speed-test,/datf/big-data-speed-test/blob/master/README.md,/blob/master/README.md,1,1
2026-08-12,datf/datf,/datf/datf,Overview,1,1
2026-08-12,datf/notion-py,/datf/notion-py/activity,/activity,1,1
2026-08-12,datf/repository-beta,/datf/repository-beta,Overview,2,1
2026-08-13,datf/big-data-speed-test,/datf/big-data-speed-test/blob/master/README.md,/blob/master/README.md,1,1
2026-08-13,datf/datf,/datf/datf,Overview,1,1
2026-08-13,datf/notion-py,/datf/notion-py/activity,/activity,1,1
2026-08-13,datf/repository-beta,/datf/repository-beta,Overview,2,1
2026-08-14,datf/big-data-speed-test,/datf/big-data-speed-test/blob/master/README.md,/blob/master/README.md,1,1
2026-08-14,datf/notion-py,/datf/notion-py/activity,/activity,1,1
2026-08-14,datf/repository-beta,/datf/repository-beta,Overview,2,1
2026-08-15,datf/big-data-speed-test,/datf/big-data-speed-test/blob/master/README.md,/blob/master/README.md,1,1
2026-08-15,datf/notion-py,/datf/notion-py/activity,/activity,1,1
2026-08-16,datf/big-data-speed-test,/datf/big-data-speed-test/blob/master/README.md,/blob/master/README.md,1,1
2026-08-16,datf/notion-py,/datf/notion-py/activity,/activity,1,1
2026-08-17,datf/big-data-speed-test,/datf/big-data-speed-test/blob/master/README.md,/blob/master/README.md,1,1
2026-08-17,datf/datf,/datf/datf,Overview,1,1
2026-08-17,datf/datf,/datf/datf/commit/c2b3915309c491a95ccf4471c6bee89e39930344,/commit/c2b3915309c491a95ccf4471c6bee89e39930344,1,1
2026-08-17,datf/datf,/datf/datf/commits/main,/commits/main,1,1
2026-08-17,datf/notion-py,/datf/notion-py/activity,/activity,1,1
2026-08-18,datf/big-data-speed-test,/datf/big-data-speed-test/blob/master/README.md,/blob/master/README.md,1,1
2026-08-18,datf/datf,/datf/datf,Overview,1,1
2026-08-18,datf/datf,/datf/datf/commit/c2b3915309c491a95ccf4471c6bee89e39930344,/commit/c2b3915309c491a95ccf4471c6bee89e39930344,1,1
2026-08-18,datf/datf,/datf/datf/commits/main,/commits/main,1,1
2026-08-18,datf/notion-py,/datf/notion-py/activity,/activity,1,1
2026-08-19,datf/app-dante,/datf/app-dante,Overview,2,1
2026-08-19,datf/app-dante,/datf/app-dante/edit/master/README.md,/edit/master/README.md,1,1
2026-08-19,datf/app-dante-to-wireguard,/datf/app-dante-to-wireguard,Overview,6,1
2026-08-19,datf/app-dante-to-wireguard,/datf/app-dante-to-wireguard/actions,/actions,1,1
2026-08-19,datf/app-dante-to-wireguard,/datf/app-dante-to-wireguard/pulls,/pulls,1,1
2026-08-19,datf/app-dante-to-wireguard,/datf/app-dante-to-wireguard/releases,/releases,1,1
2026-08-19,datf/app-dante-to-wireguard,/datf/app-dante-to-wireguard/releases/edit/untagged-6898176480a52aa5d170,/releases/edit/untagged-6898176480a52aa5d170,1,1
2026-08-19,datf/app-dante-to-wireguard,/datf/app-dante-to-wireguard/releases/tag/v0.1.1,/releases/tag/v0.1.1,1,1
2026-08-19,datf/app-plex,/datf/app-plex,Overview,37,1
2026-08-19,datf/app-plex,/datf/app-plex/actions,/actions,29,1
2026-08-19,datf/app-plex,/datf/app-plex/issues,/issues,10,1
2026-08-19,datf/app-plex,/datf/app-plex/issues/3,/issues/3,8,1
2026-08-19,datf/app-plex,/datf/app-plex/network/dependencies,/network/dependencies,4,1
2026-08-19,datf/app-plex,/datf/app-plex/pull/1,/pull/1,3,1
2026-08-19,datf/app-plex,/datf/app-plex/pull/2,/pull/2,7,1
2026-08-19,datf/app-plex,/datf/app-plex/pull/4,/pull/4,3,1
2026-08-19,datf/app-plex,/datf/app-plex/pull/5,/pull/5,3,1
2026-08-19,datf/app-plex,/datf/app-plex/pulls,/pulls,19,1
2026-08-19,datf/big-data-speed-test,/datf/big-data-speed-test/blob/master/README.md,/blob/master/README.md,1,1
2026-08-19,datf/calc-llc,/datf/calc-llc,Overview,1,1
2026-08-19,datf/datf,/datf/datf,Overview,2,1
2026-08-19,datf/datf,/datf/datf/commit/829c2232b0f84328f311fa525c10b9f899bc3a17,/commit/829c2232b0f84328f311fa525c10b9f899bc3a17,1,1
2026-08-19,datf/datf,/datf/datf/commit/c2b3915309c491a95ccf4471c6bee89e39930344,/commit/c2b3915309c491a95ccf4471c6bee89e39930344,1,1
2026-08-19,datf/datf,/datf/datf/commits/main,/commits/main,2,1
2026-08-19,datf/hassio-addons,/datf/hassio-addons,Overview,2,1
2026-08-19,datf/hassio-addons,/datf/hassio-addons/actions,/actions,1,1
2026-08-19,datf/hassio-addons,/datf/hassio-addons/actions/runs/31979417613,/actions/runs/31979417613,1,1
2026-08-19,datf/hassio-caddy-custom,/datf/hassio-caddy-custom,Overview,7,1
2026-08-19,datf/hassio-caddy-custom,/datf/hassio-caddy-custom/actions,/actions,13,1
2026-08-19,datf/hassio-caddy-custom,/datf/hassio-caddy-custom/actions/runs/32039926406/job/95417345768,/actions/runs/32039926406/job/95417345768,2,1
2026-08-19,datf/hassio-caddy-custom,/datf/hassio-caddy-custom/actions/runs/32039931402,/actions/runs/32039931402,2,1
2026-08-19,datf/hassio-caddy-custom,/datf/hassio-caddy-custom/actions/runs/32052780266,/actions/runs/32052780266,4,1
2026-08-19,datf/hassio-caddy-custom,/datf/hassio-caddy-custom/actions/runs/32055961552,/actions/runs/32055961552,3,1
2026-08-19,datf/hassio-caddy-custom,/datf/hassio-caddy-custom/actions/workflows/deploy.yaml,/actions/workflows/deploy.yaml,4,1
2026-08-19,datf/hassio-caddy-custom,/datf/hassio-caddy-custom/pull/8,/pull/8,7,1
2026-08-19,datf/hassio-caddy-custom,/datf/hassio-caddy-custom/pull/9,/pull/9,3,1
2026-08-19,datf/hassio-caddy-custom,/datf/hassio-caddy-custom/pulls,/pulls,10,1
2026-08-19,datf/notion-py,/datf/notion-py/activity,/activity,1,1
2026-08-19,datf/repository-edge,/datf/repository-edge,Overview,3,1
2026-08-19,datf/repository-updater,/datf/repository-updater,Overview,1,1
2026-08-19,datf/repository-updater,/datf/repository-updater/edit/main/README.md,/edit/main/README.md,1,1
2026-08-19,datf/sveltekit-github-pages-config-dockerized,/datf/sveltekit-github-pages-config-dockerized,Overview,1,1
2026-08-20,datf/app-dante,/datf/app-dante,Overview,2,1
2026-08-20,datf/app-dante,/datf/app-dante/edit/master/README.md,/edit/master/README.md,1,1
2026-08-20,datf/app-dante-to-wireguard,/datf/app-dante-to-wireguard,Overview,6,1
2026-08-20,datf/app-dante-to-wireguard,/datf/app-dante-to-wireguard/actions,/actions,1,1
2026-08-20,datf/app-dante-to-wireguard,/datf/app-dante-to-wireguard/pulls,/pulls,1,1
2026-08-20,datf/app-dante-to-wireguard,/datf/app-dante-to-wireguard/releases,/releases,1,1
2026-08-20,datf/app-dante-to-wireguard,/datf/app-dante-to-wireguard/releases/edit/untagged-6898176480a52aa5d170,/releases/edit/untagged-6898176480a52aa5d170,1,1
2026-08-20,datf/app-dante-to-wireguard,/datf/app-dante-to-wireguard/releases/tag/v0.1.1,/releases/tag/v0.1.1,1,1
2026-08-20,datf/app-plex,/datf/app-plex,Overview,37,1
2026-08-20,datf/app-plex,/datf/app-plex/actions,/actions,29,1
2026-08-20,datf/app-plex,/datf/app-plex/issues,/issues,10,1
2026-08-20,datf/app-plex,/datf/app-plex/issues/3,/issues/3,8,1
2026-08-20,datf/app-plex,/datf/app-plex/network/dependencies,/network/dependencies,4,1
2026-08-20,datf/app-plex,/datf/app-plex/pull/1,/pull/1,3,1
2026-08-20,datf/app-plex,/datf/app-plex/pull/2,/pull/2,7,1
2026-08-20,datf/app-plex,/datf/app-plex/pull/4,/pull/4,3,1
2026-08-20,datf/app-plex,/datf/app-plex/pull/5,/pull/5,3,1
2026-08-20,datf/app-plex,/datf/app-plex/pulls,/pulls,19,1
2026-08-20,datf/big-data-speed-test,/datf/big-data-speed-test/blob/master/README.md,/blob/master/README.md,1,1
2026-08-20,datf/calc-llc,/datf/calc-llc,Overview,1,1
2026-08-20,datf/datf,/datf/datf,Overview,2,1
2026-08-20,datf/datf,/datf/datf/commit/829c2232b0f84328f311fa525c10b9f899bc3a17,/commit/829c2232b0f84328f311fa525c10b9f899bc3a17,1,1
2026-08-20,datf/datf,/datf/datf/commit/c2b3915309c491a95ccf4471c6bee89e39930344,/commit/c2b3915309c491a95ccf4471c6bee89e39930344,1,1
2026-08-20,datf/datf,/datf/datf/commits/main,/commits/main,2,1
2026-08-20,datf/hassio-addons,/datf/hassio-addons,Overview,2,1
2026-08-20,datf/hassio-addons,/datf/hassio-addons/actions,/actions,1,1
2026-08-20,datf/hassio-addons,/datf/hassio-addons/actions/runs/31979417613,/actions/runs/31979417613,1,1
2026-08-20,datf/hassio-caddy-custom,/datf/hassio-caddy-custom,Overview,7,1
2026-08-20,datf/hassio-caddy-custom,/datf/hassio-caddy-custom/actions,/actions,13,1
2026-08-20,datf/hassio-caddy-custom,/datf/hassio-caddy-custom/actions/runs/32039926406/job/95417345768,/actions/runs/32039926406/job/95417345768,2,1
2026-08-20,datf/hassio-caddy-custom,/datf/hassio-caddy-custom/actions/runs/32039931402,/actions/runs/32039931402,2,1
2026-08-20,datf/hassio-caddy-custom,/datf/hassio-caddy-custom/actions/runs/32052780266,/actions/runs/32052780266,4,1
2026-08-20,datf/hassio-caddy-custom,/datf/hassio-caddy-custom/actions/runs/32055961552,/actions/runs/32055961552,3,1
2026-08-20,datf/hassio-caddy-custom,/datf/hassio-caddy-custom/actions/workflows/deploy.yaml,/actions/workflows/deploy.yaml,4,1
2026-08-20,datf/hassio-caddy-custom,/datf/hassio-caddy-custom/pull/8,/pull/8,7,1
2026-08-20,datf/hassio-caddy-custom,/datf/hassio-caddy-custom/pull/9,/pull/9,3,1
2026-08-20,datf/hassio-caddy-custom,/datf/hassio-caddy-custom/pulls,/pulls,10,1
2026-08-20,datf/notion-py,/datf/notion-py/activity,/activity,1,1
2026-08-20,datf/repository-edge,/datf/repository-edge,Overview,3,1
2026-08-20,datf/repository-updater,/datf/repository-updater,Overview,1,1
2026-08-20,datf/repository-updater,/datf/repository-updater/edit/main/README.md,/edit/main/README.md,1,1
2026-08-20,datf/sveltekit-github-pages-config-dockerized,/datf/sveltekit-github-pages-config-dockerized,Overview,1,1
